gid,event,inning,top_bot,vis_home,site,batteam,pitteam,score_v,score_h,batter,pitcher,lp,bat_f,bathand,pithand,balls,strikes,count,pitches,nump,pa,ab,single,double,triple,hr,sh,sf,hbp,walk,k,xi,roe,fc,othout,noout,oth,bip,bunt,ground,fly,line,iw,gdp,othdp,tp,fle,wp,pb,bk,oa,di,sb2,sb3,sbh,cs2,cs3,csh,pko1,pko2,pko3,k_safe,e1,e2,e3,e4,e5,e6,e7,e8,e9,outs_pre,outs_post,br1_pre,br2_pre,br3_pre,br1_post,br2_post,br3_post,lob_id1,lob_id2,lob_id3,pr1_pre,pr2_pre,pr3_pre,pr1_post,pr2_post,pr3_post,run_b,run1,run2,run3,prun_b,prun1,prun2,prun3,ur_b,ur1,ur2,ur3,rbi_b,rbi1,rbi2,rbi3,runs,rbi,er,tur,l1,l2,l3,l4,l5,l6,l7,l8,l9,lf1,lf2,lf3,lf4,lf5,lf6,lf7,lf8,lf9,f2,f3,f4,f5,f6,f7,f8,f9,po0,po1,po2,po3,po4,po5,po6,po7,po8,po9,a1,a2,a3,a4,a5,a6,a7,a8,a9,fseq,batout1,batout2,batout3,brout_b,brout1,brout2,brout3,firstf,loc,hittype,dpopp,pivot,pn,umphome,ump1b,ump2b,ump3b,umplf,umprf,date,gametype,pbp
NLS202507150,K,1,0,0,ATL03,ALS,NLS,0,0,torrg001,skenp001,1,4.0,R,R,2,2,22,FBTBS,5.0,1,1,0,0,0,0,0,0,0,0,1,0,0,0,0,0,0,0,0,0,0,0,0,0,0,0,0,0,0,0,0,0,0,0,0,0,0,0,0,0,0,0,0,0,0,0,0,0,0,0,0,0,1,,,,,,,,,,,,,,,,,,,,,,,,0,0,0,0,0,0,0,0,0,0,0,0,torrg001,greer003,judga001,ralec001,guerv002,ohear001,camij001,baezj001,wilsj006,4,7,9,2,3,10,5,8,6,smitw003,freef001,martk001,machm001,lindf001,tuckk001,crowp001,acunr001,0,0,1,0,0,0,0,0,0,0,0,0,0,0,0,0,0,0,0,2.0,0,0,0,0,0,0,0,0,,,0,0,1,iassd901,hudsm901,segac901,viscj901,rehaj901,bacce901,20250715,allstar,full
NLS202507150,K,1,0,0,ATL03,ALS,NLS,0,0,greer003,skenp001,2,7.0,L,R,3,2,32,BCCBFBS,7.0,1,1,0,0,0,0,0,0,0,0,1,0,0,0,0,0,0,0,0,0,0,0,0,0,0,0,0,0,0,0,0,0,0,0,0,0,0,0,0,0,0,0,0,0,0,0,0,0,0,0,0,1,2,,,,,,,,,,,,,,,,,,,,,,,,0,0,0,0,0,0,0,0,0,0,0,0,torrg001,greer003,judga001,ralec001,guerv002,ohear001,camij001,baezj001,wilsj006,4,7,9,2,3,10,5,8,6,smitw003,freef001,martk001,machm001,lindf001,tuckk001,crowp001,acunr001,0,0,1,0,0,0,0,0,0,0,0,0,0,0,0,0,0,0,0,2.0,0,0,0,0,0,0,0,0,,,0,0,2,iassd901,hudsm901,segac901,viscj901,rehaj901,bacce901,20250715,allstar,full
NLS202507150,43/G4M,1,0,0,ATL03,ALS,NLS,0,0,judga001,skenp001,3,9.0,R,R,0,1,1,CX,2.0,1,1,0,0,0,0,0,0,0,0,0,0,0,0,1,0,1,1,0,1,0,0,0,0,0,0,0,0,0,0,0,0,0,0,0,0,0,0,0,0,0,0,0,0,0,0,0,0,0,0,0,2,3,,,,,,,,,,,,,,,,,,,,,,,,0,0,0,0,0,0,0,0,0,0,0,0,torrg001,greer003,judga001,ralec001,guerv002,ohear001,camij001,baezj001,wilsj006,4,7,9,2,3,10,5,8,6,smitw003,freef001,martk001,machm001,lindf001,tuckk001,crowp001,acunr001,0,0,0,1,0,0,0,0,0,0,0,0,0,1,0,0,0,0,0,43.0,4,0,0,0,0,0,0,4,4M+,G,0,0,3,iassd901,hudsm901,segac901,viscj901,rehaj901,bacce901,20250715,allstar,full
NLS202507150,S8/L8,1,1,1,ATL03,NLS,ALS,0,0,ohtas001,skubt001,1,10.0,L,L,1,2,12,FFBX,4.0,1,1,1,0,0,0,0,0,0,0,0,0,0,0,0,0,0,1,0,0,0,1,0,0,0,0,0,0,0,0,0,0,0,0,0,0,0,0,0,0,0,0,0,0,0,0,0,0,0,0,0,0,0,,,,ohtas001,,,,,,,,,skubt001,,,,,,,,,,,0,0,0,0,0,0,0,0,0,0,0,0,ohtas001,acunr001,martk001,freef001,machm001,smitw003,tuckk001,lindf001,crowp001,10,9,4,3,5,2,7,6,8,ralec001,guerv002,torrg001,camij001,wilsj006,greer003,baezj001,judga001,0,0,0,0,0,0,0,0,0,0,0,0,0,0,0,0,0,0,0,,0,0,0,0,0,0,0,8,8+,L,0,0,4,iassd901,hudsm901,segac901,viscj901,rehaj901,bacce901,20250715,allstar,full
NLS202507150,S4/G4S-.1-2,1,1,1,ATL03,NLS,ALS,0,0,acunr001,skubt001,2,9.0,R,L,1,2,12,FSBX,4.0,1,1,1,0,0,0,0,0,0,0,0,0,0,0,0,0,0,1,0,1,0,0,0,0,0,0,0,0,0,0,0,0,0,0,0,0,0,0,0,0,0,0,0,0,0,0,0,0,0,0,0,0,0,ohtas001,,,acunr001,ohtas001,,,,,skubt001,,,skubt001,skubt001,,,,,,,,,,0,0,0,0,0,0,0,0,0,0,0,0,ohtas001,acunr001,martk001,freef001,machm001,smitw003,tuckk001,lindf001,crowp001,10,9,4,3,5,2,7,6,8,ralec001,guerv002,torrg001,camij001,wilsj006,greer003,baezj001,judga001,0,0,0,0,0,0,0,0,0,0,0,0,0,0,0,0,0,0,0,,0,0,0,0,0,0,0,4,4S-,G,0,0,5,iassd901,hudsm901,segac901,viscj901,rehaj901,bacce901,20250715,allstar,full
NLS202507150,D9/G3+.2-H;1-H,1,1,1,ATL03,NLS,ALS,0,0,martk001,skubt001,3,4.0,B,L,0,1,1,SX,2.0,1,1,0,1,0,0,0,0,0,0,0,0,0,0,0,0,0,1,0,1,0,0,0,0,0,0,0,0,0,0,0,0,0,0,0,0,0,0,0,0,0,0,0,0,0,0,0,0,0,0,0,0,0,acunr001,ohtas001,,,martk001,,,,,skubt001,skubt001,,,skubt001,,,acunr001,ohtas001,,,skubt001,skubt001,,0,0,0,0,0,1,1,0,2,2,2,0,ohtas001,acunr001,martk001,freef001,machm001,smitw003,tuckk001,lindf001,crowp001,10,9,4,3,5,2,7,6,8,ralec001,guerv002,torrg001,camij001,wilsj006,greer003,baezj001,judga001,0,0,0,0,0,0,0,0,0,0,0,0,0,0,0,0,0,0,0,,0,0,0,0,0,0,0,9,3+,G,0,0,6,iassd901,hudsm901,segac901,viscj901,rehaj901,bacce901,20250715,allstar,full
NLS202507150,53/G56,1,1,1,ATL03,NLS,ALS,0,2,freef001,skubt001,4,3.0,L,L,1,1,11,BSX,3.0,1,1,0,0,0,0,0,0,0,0,0,0,0,0,1,0,1,1,0,1,0,0,0,0,0,0,0,0,0,0,0,0,0,0,0,0,0,0,0,0,0,0,0,0,0,0,0,0,0,0,0,0,1,,martk001,,,martk001,,,,,,skubt001,,,skubt001,,,,,,,,,,0,0,0,0,0,0,0,0,0,0,0,0,ohtas001,acunr001,martk001,freef001,machm001,smitw003,tuckk001,lindf001,crowp001,10,9,4,3,5,2,7,6,8,ralec001,guerv002,torrg001,camij001,wilsj006,greer003,baezj001,judga001,0,0,0,1,0,0,0,0,0,0,0,0,0,0,1,0,0,0,0,53.0,5,0,0,0,0,0,0,5,56+,G,0,0,7,iassd901,hudsm901,segac901,viscj901,rehaj901,bacce901,20250715,allstar,full
NLS202507150,K,1,1,1,ATL03,NLS,ALS,0,2,machm001,skubt001,5,5.0,R,L,0,2,2,FSC,3.0,1,1,0,0,0,0,0,0,0,0,1,0,0,0,0,0,0,0,0,0,0,0,0,0,0,0,0,0,0,0,0,0,0,0,0,0,0,0,0,0,0,0,0,0,0,0,0,0,0,0,0,1,2,,martk001,,,martk001,,,,,,skubt001,,,skubt001,,,,,,,,,,0,0,0,0,0,0,0,0,0,0,0,0,ohtas001,acunr001,martk001,freef001,machm001,smitw003,tuckk001,lindf001,crowp001,10,9,4,3,5,2,7,6,8,ralec001,guerv002,torrg001,camij001,wilsj006,greer003,baezj001,judga001,0,0,1,0,0,0,0,0,0,0,0,0,0,0,0,0,0,0,0,2.0,0,0,0,0,0,0,0,0,,,0,0,8,iassd901,hudsm901,segac901,viscj901,rehaj901,bacce901,20250715,allstar,full
NLS202507150,K,1,1,1,ATL03,NLS,ALS,0,2,smitw003,skubt001,6,2.0,R,L,0,2,2,CTS,3.0,1,1,0,0,0,0,0,0,0,0,1,0,0,0,0,0,0,0,0,0,0,0,0,0,0,0,0,0,0,0,0,0,0,0,0,0,0,0,0,0,0,0,0,0,0,0,0,0,0,0,0,2,3,,martk001,,,,,martk001,,,,skubt001,,,,,,,,,,,,,0,0,0,0,0,0,0,0,0,0,0,0,ohtas001,acunr001,martk001,freef001,machm001,smitw003,tuckk001,lindf001,crowp001,10,9,4,3,5,2,7,6,8,ralec001,guerv002,torrg001,camij001,wilsj006,greer003,baezj001,judga001,0,0,1,0,0,0,0,0,0,0,0,0,0,0,0,0,0,0,0,2.0,0,0,0,0,0,0,0,0,,,0,0,9,iassd901,hudsm901,segac901,viscj901,rehaj901,bacce901,20250715,allstar,full
NLS202507150,7/L7LD+,2,0,0,ATL03,ALS,NLS,0,2,ralec001,kersc001,4,2.0,B,L,0,0,0,.X,1.0,1,1,0,0,0,0,0,0,0,0,0,0,0,0,1,0,1,1,0,0,0,1,0,0,0,0,0,0,0,0,0,0,0,0,0,0,0,0,0,0,0,0,0,0,0,0,0,0,0,0,0,0,1,,,,,,,,,,,,,,,,,,,,,,,,0,0,0,0,0,0,0,0,0,0,0,0,torrg001,greer003,judga001,ralec001,guerv002,ohear001,camij001,baezj001,wilsj006,4,7,9,2,3,10,5,8,6,smitw003,freef001,martk001,machm001,lindf001,tuckk001,crowp001,acunr001,0,0,0,0,0,0,0,1,0,0,0,0,0,0,0,0,0,0,0,7.0,7,0,0,0,0,0,0,7,7LD+,L,0,0,10,iassd901,hudsm901,segac901,viscj901,rehaj901,bacce901,20250715,allstar,full
NLS202507150,K,2,0,0,ATL03,ALS,NLS,0,2,guerv002,kersc001,5,3.0,R,L,2,2,22,CBSBC,5.0,1,1,0,0,0,0,0,0,0,0,1,0,0,0,0,0,0,0,0,0,0,0,0,0,0,0,0,0,0,0,0,0,0,0,0,0,0,0,0,0,0,0,0,0,0,0,0,0,0,0,0,1,2,,,,,,,,,,,,,,,,,,,,,,,,0,0,0,0,0,0,0,0,0,0,0,0,torrg001,greer003,judga001,ralec001,guerv002,ohear001,camij001,baezj001,wilsj006,4,7,9,2,3,10,5,8,6,smitw003,freef001,martk001,machm001,lindf001,tuckk001,crowp001,acunr001,0,0,1,0,0,0,0,0,0,0,0,0,0,0,0,0,0,0,0,2.0,0,0,0,0,0,0,0,0,,,0,0,11,iassd901,hudsm901,segac901,viscj901,rehaj901,bacce901,20250715,allstar,full
NLS202507150,K,2,0,0,ATL03,ALS,NLS,0,2,ohear001,adamj002,6,10.0,L,R,2,2,22,.CBSBFC,6.0,1,1,0,0,0,0,0,0,0,0,1,0,0,0,0,0,0,0,0,0,0,0,0,0,0,0,0,0,0,0,0,0,0,0,0,0,0,0,0,0,0,0,0,0,0,0,0,0,0,0,0,2,3,,,,,,,,,,,,,,,,,,,,,,,,0,0,0,0,0,0,0,0,0,0,0,0,torrg001,greer003,judga001,ralec001,guerv002,ohear001,camij001,baezj001,wilsj006,4,7,9,2,3,10,5,8,6,smitw003,freef001,martk001,machm001,lindf001,tuckk001,crowp001,acunr001,0,0,1,0,0,0,0,0,0,0,0,0,0,0,0,0,0,0,0,2.0,0,0,0,0,0,0,0,0,,,0,0,12,iassd901,hudsm901,segac901,viscj901,rehaj901,bacce901,20250715,allstar,full
NLS202507150,43/G4,2,1,1,ATL03,NLS,ALS,0,2,tuckk001,rodoc001,7,7.0,L,L,3,2,32,.BBFFBX,6.0,1,1,0,0,0,0,0,0,0,0,0,0,0,0,1,0,1,1,0,1,0,0,0,0,0,0,0,0,0,0,0,0,0,0,0,0,0,0,0,0,0,0,0,0,0,0,0,0,0,0,0,0,1,,,,,,,,,,,,,,,,,,,,,,,,0,0,0,0,0,0,0,0,0,0,0,0,ohtas001,acunr001,martk001,freef001,machm001,smitw003,tuckk001,lindf001,crowp001,10,9,4,3,5,2,7,6,8,ralec001,guerv002,torrg001,camij001,wilsj006,greer003,baezj001,judga001,0,0,0,1,0,0,0,0,0,0,0,0,0,1,0,0,0,0,0,43.0,4,0,0,0,0,0,0,4,4+,G,0,0,13,iassd901,hudsm901,segac901,viscj901,rehaj901,bacce901,20250715,allstar,full
NLS202507150,K,2,1,1,ATL03,NLS,ALS,0,2,lindf001,rodoc001,8,6.0,B,L,2,2,22,FFBBS,5.0,1,1,0,0,0,0,0,0,0,0,1,0,0,0,0,0,0,0,0,0,0,0,0,0,0,0,0,0,0,0,0,0,0,0,0,0,0,0,0,0,0,0,0,0,0,0,0,0,0,0,0,1,2,,,,,,,,,,,,,,,,,,,,,,,,0,0,0,0,0,0,0,0,0,0,0,0,ohtas001,acunr001,martk001,freef001,machm001,smitw003,tuckk001,lindf001,crowp001,10,9,4,3,5,2,7,6,8,ralec001,guerv002,torrg001,camij001,wilsj006,greer003,baezj001,judga001,0,0,1,0,0,0,0,0,0,0,0,0,0,0,0,0,0,0,0,2.0,0,0,0,0,0,0,0,0,,,0,0,14,iassd901,hudsm901,segac901,viscj901,rehaj901,bacce901,20250715,allstar,full
NLS202507150,D9/L9LD,2,1,1,ATL03,NLS,ALS,0,2,crowp001,rodoc001,9,8.0,L,L,1,0,10,BX,2.0,1,1,0,1,0,0,0,0,0,0,0,0,0,0,0,0,0,1,0,0,0,1,0,0,0,0,0,0,0,0,0,0,0,0,0,0,0,0,0,0,0,0,0,0,0,0,0,0,0,0,0,2,2,,,,,crowp001,,,,,,,,,rodoc001,,,,,,,,,,0,0,0,0,0,0,0,0,0,0,0,0,ohtas001,acunr001,martk001,freef001,machm001,smitw003,tuckk001,lindf001,crowp001,10,9,4,3,5,2,7,6,8,ralec001,guerv002,torrg001,camij001,wilsj006,greer003,baezj001,judga001,0,0,0,0,0,0,0,0,0,0,0,0,0,0,0,0,0,0,0,,0,0,0,0,0,0,0,9,9LD+,L,0,0,15,iassd901,hudsm901,segac901,viscj901,rehaj901,bacce901,20250715,allstar,full
NLS202507150,3/G3,2,1,1,ATL03,NLS,ALS,0,2,ohtas001,rodoc001,1,10.0,L,L,2,2,22,CBBFX,5.0,1,1,0,0,0,0,0,0,0,0,0,0,0,0,1,0,1,1,0,1,0,0,0,0,0,0,0,0,0,0,0,0,0,0,0,0,0,0,0,0,0,0,0,0,0,0,0,0,0,0,0,2,3,,crowp001,,,,,crowp001,,,,rodoc001,,,,,,,,,,,,,0,0,0,0,0,0,0,0,0,0,0,0,ohtas001,acunr001,martk001,freef001,machm001,smitw003,tuckk001,lindf001,crowp001,10,9,4,3,5,2,7,6,8,ralec001,guerv002,torrg001,camij001,wilsj006,greer003,baezj001,judga001,0,0,0,1,0,0,0,0,0,0,0,0,0,0,0,0,0,0,0,3.0,3,0,0,0,0,0,0,3,3+,G,0,0,16,iassd901,hudsm901,segac901,viscj901,rehaj901,bacce901,20250715,allstar,full
NLS202507150,S8/G6M,3,0,0,ATL03,ALS,NLS,0,2,camij001,webbl001,7,5.0,R,R,0,0,0,.X,1.0,1,1,1,0,0,0,0,0,0,0,0,0,0,0,0,0,0,1,0,1,0,0,0,0,0,0,0,0,0,0,0,0,0,0,0,0,0,0,0,0,0,0,0,0,0,0,0,0,0,0,0,0,0,,,,camij001,,,,,,,,,webbl001,,,,,,,,,,,0,0,0,0,0,0,0,0,0,0,0,0,torrg001,greer003,judga001,ralec001,guerv002,ohear001,camij001,baezj001,wilsj006,4,7,9,2,3,10,5,8,6,smitw003,freef001,martk001,machm001,lindf001,tuckk001,crowp001,acunr001,0,0,0,0,0,0,0,0,0,0,0,0,0,0,0,0,0,0,0,,0,0,0,0,0,0,0,8,6M+,G,0,0,17,iassd901,hudsm901,segac901,viscj901,rehaj901,bacce901,20250715,allstar,full
NLS202507150,53/G5.1-2,3,0,0,ATL03,ALS,NLS,0,2,baezj001,webbl001,8,8.0,R,R,2,2,22,SBSFBX,6.0,1,1,0,0,0,0,0,0,0,0,0,0,0,0,1,0,1,1,0,1,0,0,0,0,0,0,0,0,0,0,0,0,0,0,0,0,0,0,0,0,0,0,0,0,0,0,0,0,0,0,0,0,1,camij001,,,,camij001,,,,,webbl001,,,,webbl001,,,,,,,,,,0,0,0,0,0,0,0,0,0,0,0,0,torrg001,greer003,judga001,ralec001,guerv002,ohear001,camij001,baezj001,wilsj006,4,7,9,2,3,10,5,8,6,smitw003,freef001,martk001,machm001,lindf001,tuckk001,crowp001,acunr001,0,0,0,1,0,0,0,0,0,0,0,0,0,0,1,0,0,0,0,53.0,5,0,0,0,0,0,0,5,5+,G,1,5,18,iassd901,hudsm901,segac901,viscj901,rehaj901,bacce901,20250715,allstar,full
NLS202507150,7/F78D,3,0,0,ATL03,ALS,NLS,0,2,wilsj006,webbl001,9,6.0,R,R,0,0,0,.X,1.0,1,1,0,0,0,0,0,0,0,0,0,0,0,0,1,0,1,1,0,0,1,0,0,0,0,0,0,0,0,0,0,0,0,0,0,0,0,0,0,0,0,0,0,0,0,0,0,0,0,0,0,1,2,,camij001,,,camij001,,,,,,webbl001,,,webbl001,,,,,,,,,,0,0,0,0,0,0,0,0,0,0,0,0,torrg001,greer003,judga001,ralec001,guerv002,ohear001,camij001,baezj001,wilsj006,4,7,9,2,3,10,5,8,6,smitw003,alonp001,martk001,machm001,lindf001,tuckk001,crowp001,acunr001,0,0,0,0,0,0,0,1,0,0,0,0,0,0,0,0,0,0,0,7.0,7,0,0,0,0,0,0,7,78D+,F,0,0,19,iassd901,hudsm901,segac901,viscj901,rehaj901,bacce901,20250715,allstar,full
NLS202507150,3/G34,3,0,0,ATL03,ALS,NLS,0,2,torrg001,webbl001,1,4.0,R,R,0,2,2,C*SX,3.0,1,1,0,0,0,0,0,0,0,0,0,0,0,0,1,0,1,1,0,1,0,0,0,0,0,0,0,0,0,0,0,0,0,0,0,0,0,0,0,0,0,0,0,0,0,0,0,0,0,0,0,2,3,,camij001,,,,,camij001,,,,webbl001,,,,,,,,,,,,,0,0,0,0,0,0,0,0,0,0,0,0,torrg001,greer003,judga001,ralec001,guerv002,ohear001,camij001,baezj001,wilsj006,4,7,9,2,3,10,5,8,6,smitw003,alonp001,martk001,machm001,lindf001,tuckk001,crowp001,acunr001,0,0,0,1,0,0,0,0,0,0,0,0,0,0,0,0,0,0,0,3.0,3,0,0,0,0,0,0,3,34+,G,0,0,20,iassd901,hudsm901,segac901,viscj901,rehaj901,bacce901,20250715,allstar,full
NLS202507150,K,3,1,1,ATL03,NLS,ALS,0,2,acunr001,woo-b001,2,9.0,R,R,1,2,12,.CSBS,4.0,1,1,0,0,0,0,0,0,0,0,1,0,0,0,0,0,0,0,0,0,0,0,0,0,0,0,0,0,0,0,0,0,0,0,0,0,0,0,0,0,0,0,0,0,0,0,0,0,0,0,0,0,1,,,,,,,,,,,,,,,,,,,,,,,,0,0,0,0,0,0,0,0,0,0,0,0,ohtas001,acunr001,martk001,alonp001,machm001,smitw003,tuckk001,lindf001,crowp001,10,9,4,3,5,2,7,6,8,ralec001,guerv002,torrg001,camij001,wilsj006,greer003,baezj001,judga001,0,0,1,0,0,0,0,0,0,0,0,0,0,0,0,0,0,0,0,2.0,0,0,0,0,0,0,0,0,,,0,0,21,iassd901,hudsm901,segac901,viscj901,rehaj901,bacce901,20250715,allstar,full
NLS202507150,43/G34,3,1,1,ATL03,NLS,ALS,0,2,martk001,woo-b001,3,4.0,B,R,0,0,0,X,1.0,1,1,0,0,0,0,0,0,0,0,0,0,0,0,1,0,1,1,0,1,0,0,0,0,0,0,0,0,0,0,0,0,0,0,0,0,0,0,0,0,0,0,0,0,0,0,0,0,0,0,0,1,2,,,,,,,,,,,,,,,,,,,,,,,,0,0,0,0,0,0,0,0,0,0,0,0,ohtas001,acunr001,martk001,alonp001,machm001,smitw003,tuckk001,lindf001,crowp001,10,9,4,3,5,2,7,6,8,ralec001,guerv002,torrg001,camij001,wilsj006,greer003,baezj001,judga001,0,0,0,1,0,0,0,0,0,0,0,0,0,1,0,0,0,0,0,43.0,4,0,0,0,0,0,0,4,34+,G,0,0,22,iassd901,hudsm901,segac901,viscj901,rehaj901,bacce901,20250715,allstar,full
NLS202507150,3/L34,3,1,1,ATL03,NLS,ALS,0,2,alonp001,woo-b001,4,3.0,R,R,2,0,20,.BBX,3.0,1,1,0,0,0,0,0,0,0,0,0,0,0,0,1,0,1,1,0,0,0,1,0,0,0,0,0,0,0,0,0,0,0,0,0,0,0,0,0,0,0,0,0,0,0,0,0,0,0,0,0,2,3,,,,,,,,,,,,,,,,,,,,,,,,0,0,0,0,0,0,0,0,0,0,0,0,ohtas001,acunr001,martk001,alonp001,machm001,smitw003,tuckk001,lindf001,crowp001,10,9,4,3,5,2,7,6,8,ralec001,guerv002,torrg001,camij001,wilsj006,greer003,baezj001,judga001,0,0,0,1,0,0,0,0,0,0,0,0,0,0,0,0,0,0,0,3.0,3,0,0,0,0,0,0,3,34+,L,0,0,23,iassd901,hudsm901,segac901,viscj901,rehaj901,bacce901,20250715,allstar,full
NLS202507150,K,4,0,0,ATL03,ALS,NLS,0,2,greer003,peted003,2,7.0,L,L,1,2,12,..BCSS,4.0,1,1,0,0,0,0,0,0,0,0,1,0,0,0,0,0,0,0,0,0,0,0,0,0,0,0,0,0,0,0,0,0,0,0,0,0,0,0,0,0,0,0,0,0,0,0,0,0,0,0,0,0,1,,,,,,,,,,,,,,,,,,,,,,,,0,0,0,0,0,0,0,0,0,0,0,0,torrg001,greer003,judga001,ralec001,guerv002,ohear001,camij001,baezj001,wilsj006,4,7,9,2,3,10,5,8,6,smitw003,alonp001,martk001,machm001,lindf001,tuckk001,crowp001,tatif002,0,0,1,0,0,0,0,0,0,0,0,0,0,0,0,0,0,0,0,2.0,0,0,0,0,0,0,0,0,,,0,0,24,iassd901,hudsm901,segac901,viscj901,rehaj901,bacce901,20250715,allstar,full
NLS202507150,63/G56D+,4,0,0,ATL03,ALS,NLS,0,2,judga001,peted003,3,9.0,R,L,1,2,12,CBF.X,4.0,1,1,0,0,0,0,0,0,0,0,0,0,0,0,1,0,1,1,0,1,0,0,0,0,0,0,0,0,0,0,0,0,0,0,0,0,0,0,0,0,0,0,0,0,0,0,0,0,0,0,0,1,2,,,,,,,,,,,,,,,,,,,,,,,,0,0,0,0,0,0,0,0,0,0,0,0,torrg001,greer003,judga001,ralec001,guerv002,ohear001,camij001,baezj001,wilsj006,4,7,9,2,3,10,5,8,6,smitw003,alonp001,martk001,machm001,lindf001,tuckk001,crowp001,tatif002,0,0,0,1,0,0,0,0,0,0,0,0,0,0,0,1,0,0,0,63.0,6,0,0,0,0,0,0,6,56+,G,0,0,25,iassd901,hudsm901,segac901,viscj901,rehaj901,bacce901,20250715,allstar,full
NLS202507150,S9/L89XD+,4,0,0,ATL03,ALS,NLS,0,2,ralec001,peted003,4,2.0,B,L,0,1,1,CX,2.0,1,1,1,0,0,0,0,0,0,0,0,0,0,0,0,0,0,1,0,0,0,1,0,0,0,0,0,0,0,0,0,0,0,0,0,0,0,0,0,0,0,0,0,0,0,0,0,0,0,0,0,2,2,,,,ralec001,,,,,,,,,peted003,,,,,,,,,,,0,0,0,0,0,0,0,0,0,0,0,0,torrg001,greer003,judga001,ralec001,guerv002,ohear001,camij001,baezj001,wilsj006,4,7,9,2,3,10,5,8,6,smitw003,alonp001,martk001,machm001,lindf001,tuckk001,crowp001,tatif002,0,0,0,0,0,0,0,0,0,0,0,0,0,0,0,0,0,0,0,,0,0,0,0,0,0,0,9,89XD+,L,0,0,26,iassd901,hudsm901,segac901,viscj901,rehaj901,bacce901,20250715,allstar,full
NLS202507150,S8/L89.1-3,4,0,0,ATL03,ALS,NLS,0,2,guerv002,peted003,5,3.0,R,L,0,0,0,X,1.0,1,1,1,0,0,0,0,0,0,0,0,0,0,0,0,0,0,1,0,0,0,1,0,0,0,0,0,0,0,0,0,0,0,0,0,0,0,0,0,0,0,0,0,0,0,0,0,0,0,0,0,2,2,ralec001,,,guerv002,,ralec001,,,,peted003,,,peted003,,peted003,,,,,,,,,0,0,0,0,0,0,0,0,0,0,0,0,torrg001,greer003,judga001,ralec001,guerv002,ohear001,camij001,baezj001,wilsj006,4,7,9,2,3,10,5,8,6,smitw003,alonp001,martk001,machm001,lindf001,tuckk001,crowp001,tatif002,0,0,0,0,0,0,0,0,0,0,0,0,0,0,0,0,0,0,0,,0,0,0,0,0,0,0,8,89+,L,0,0,27,iassd901,hudsm901,segac901,viscj901,rehaj901,bacce901,20250715,allstar,full
NLS202507150,13/G1,4,0,0,ATL03,ALS,NLS,0,2,ohear001,peted003,6,10.0,L,L,0,0,0,X,1.0,1,1,0,0,0,0,0,0,0,0,0,0,0,0,1,0,1,1,0,1,0,0,0,0,0,0,0,0,0,0,0,0,0,0,0,0,0,0,0,0,0,0,0,0,0,0,0,0,0,0,0,2,3,guerv002,,ralec001,,,,ralec001,guerv002,,peted003,,peted003,,,,,,,,,,,,0,0,0,0,0,0,0,0,0,0,0,0,torrg001,greer003,judga001,ralec001,guerv002,ohear001,camij001,baezj001,wilsj006,4,7,9,2,3,10,5,8,6,smitw003,alonp001,martk001,machm001,lindf001,tuckk001,crowp001,tatif002,0,0,0,1,0,0,0,0,0,0,1,0,0,0,0,0,0,0,0,13.0,1,0,0,0,0,0,0,1,1+,G,0,0,28,iassd901,hudsm901,segac901,viscj901,rehaj901,bacce901,20250715,allstar,full
NLS202507150,K,4,1,1,ATL03,NLS,ALS,0,2,machm001,ryanj002,5,5.0,R,R,1,2,12,.FSBS,4.0,1,1,0,0,0,0,0,0,0,0,1,0,0,0,0,0,0,0,0,0,0,0,0,0,0,0,0,0,0,0,0,0,0,0,0,0,0,0,0,0,0,0,0,0,0,0,0,0,0,0,0,0,1,,,,,,,,,,,,,,,,,,,,,,,,0,0,0,0,0,0,0,0,0,0,0,0,ohtas001,tatif002,martk001,alonp001,machm001,smitw003,tuckk001,lindf001,crowp001,10,9,4,3,5,2,7,6,8,ralec001,guerv002,torrg001,camij001,wilsj006,greer003,baezj001,judga001,0,0,1,0,0,0,0,0,0,0,0,0,0,0,0,0,0,0,0,2.0,0,0,0,0,0,0,0,0,,,0,0,29,iassd901,hudsm901,segac901,viscj901,rehaj901,bacce901,20250715,allstar,full
NLS202507150,4/P4MD,4,1,1,ATL03,NLS,ALS,0,2,smitw003,ryanj002,6,2.0,R,R,0,0,0,X,1.0,1,1,0,0,0,0,0,0,0,0,0,0,0,0,1,0,1,1,0,0,1,0,0,0,0,0,0,0,0,0,0,0,0,0,0,0,0,0,0,0,0,0,0,0,0,0,0,0,0,0,0,1,2,,,,,,,,,,,,,,,,,,,,,,,,0,0,0,0,0,0,0,0,0,0,0,0,ohtas001,tatif002,martk001,alonp001,machm001,smitw003,tuckk001,lindf001,crowp001,10,9,4,3,5,2,7,6,8,ralec001,guerv002,torrg001,camij001,wilsj006,greer003,baezj001,judga001,0,0,0,0,1,0,0,0,0,0,0,0,0,0,0,0,0,0,0,4.0,4,0,0,0,0,0,0,4,4MD+,P,0,0,30,iassd901,hudsm901,segac901,viscj901,rehaj901,bacce901,20250715,allstar,full
NLS202507150,K,4,1,1,ATL03,NLS,ALS,0,2,tuckk001,ryanj002,7,7.0,L,R,2,2,22,FBBSC,5.0,1,1,0,0,0,0,0,0,0,0,1,0,0,0,0,0,0,0,0,0,0,0,0,0,0,0,0,0,0,0,0,0,0,0,0,0,0,0,0,0,0,0,0,0,0,0,0,0,0,0,0,2,3,,,,,,,,,,,,,,,,,,,,,,,,0,0,0,0,0,0,0,0,0,0,0,0,ohtas001,tatif002,martk001,alonp001,machm001,smitw003,tuckk001,lindf001,crowp001,10,9,4,3,5,2,7,6,8,ralec001,guerv002,torrg001,camij001,wilsj006,greer003,baezj001,judga001,0,0,1,0,0,0,0,0,0,0,0,0,0,0,0,0,0,0,0,2.0,0,0,0,0,0,0,0,0,,,0,0,31,iassd901,hudsm901,segac901,viscj901,rehaj901,bacce901,20250715,allstar,full
NLS202507150,63/G56,5,0,0,ATL03,ALS,NLS,0,2,camij001,gorem001,7,5.0,R,L,0,2,2,.....FFX,3.0,1,1,0,0,0,0,0,0,0,0,0,0,0,0,1,0,1,1,0,1,0,0,0,0,0,0,0,0,0,0,0,0,0,0,0,0,0,0,0,0,0,0,0,0,0,0,0,0,0,0,0,0,1,,,,,,,,,,,,,,,,,,,,,,,,0,0,0,0,0,0,0,0,0,0,0,0,torrg001,greer003,judga001,ralec001,guerv002,ohear001,camij001,baezj001,wilsj006,4,7,9,2,3,10,5,8,6,goodh001,alonp001,donob001,suare001,lindf001,carrc005,crowp001,tatif002,0,0,0,1,0,0,0,0,0,0,0,0,0,0,0,1,0,0,0,63.0,6,0,0,0,0,0,0,6,56+,G,0,0,32,iassd901,hudsm901,segac901,viscj901,rehaj901,bacce901,20250715,allstar,full
NLS202507150,63/G56,5,0,0,ATL03,ALS,NLS,0,2,baezj001,gorem001,8,8.0,R,L,2,0,20,BBX,3.0,1,1,0,0,0,0,0,0,0,0,0,0,0,0,1,0,1,1,0,1,0,0,0,0,0,0,0,0,0,0,0,0,0,0,0,0,0,0,0,0,0,0,0,0,0,0,0,0,0,0,0,1,2,,,,,,,,,,,,,,,,,,,,,,,,0,0,0,0,0,0,0,0,0,0,0,0,torrg001,greer003,judga001,ralec001,guerv002,ohear001,camij001,baezj001,wilsj006,4,7,9,2,3,10,5,8,6,goodh001,alonp001,donob001,suare001,lindf001,carrc005,crowp001,tatif002,0,0,0,1,0,0,0,0,0,0,0,0,0,0,0,1,0,0,0,63.0,6,0,0,0,0,0,0,6,56+,G,0,0,33,iassd901,hudsm901,segac901,viscj901,rehaj901,bacce901,20250715,allstar,full
NLS202507150,63/G6,5,0,0,ATL03,ALS,NLS,0,2,wilsj006,gorem001,9,6.0,R,L,2,0,20,BBX,3.0,1,1,0,0,0,0,0,0,0,0,0,0,0,0,1,0,1,1,0,1,0,0,0,0,0,0,0,0,0,0,0,0,0,0,0,0,0,0,0,0,0,0,0,0,0,0,0,0,0,0,0,2,3,,,,,,,,,,,,,,,,,,,,,,,,0,0,0,0,0,0,0,0,0,0,0,0,torrg001,greer003,judga001,ralec001,guerv002,ohear001,camij001,baezj001,wilsj006,4,7,9,2,3,10,5,8,6,goodh001,alonp001,donob001,suare001,lindf001,carrc005,crowp001,tatif002,0,0,0,1,0,0,0,0,0,0,0,0,0,0,0,1,0,0,0,63.0,6,0,0,0,0,0,0,6,6+,G,0,0,34,iassd901,hudsm901,segac901,viscj901,rehaj901,bacce901,20250715,allstar,full
NLS202507150,9/L9+,5,1,1,ATL03,NLS,ALS,0,2,lindf001,rasmd002,8,6.0,B,R,2,2,22,......BSS.BX,5.0,1,1,0,0,0,0,0,0,0,0,0,0,0,0,1,0,1,1,0,0,0,1,0,0,0,0,0,0,0,0,0,0,0,0,0,0,0,0,0,0,0,0,0,0,0,0,0,0,0,0,0,0,1,,,,,,,,,,,,,,,,,,,,,,,,0,0,0,0,0,0,0,0,0,0,0,0,ohtas001,tatif002,donob001,alonp001,suare001,goodh001,carrc005,lindf001,crowp001,10,9,4,3,5,2,7,6,8,ralec001,aranj001,chisj001,camij001,wittb002,greer003,buxtb001,arozr001,0,0,0,0,0,0,0,0,0,1,0,0,0,0,0,0,0,0,0,9.0,9,0,0,0,0,0,0,9,9+,L,0,0,35,iassd901,hudsm901,segac901,viscj901,rehaj901,bacce901,20250715,allstar,full
NLS202507150,7/F78S,5,1,1,ATL03,NLS,ALS,0,2,crowp001,rasmd002,9,8.0,L,R,2,1,21,BBSX,4.0,1,1,0,0,0,0,0,0,0,0,0,0,0,0,1,0,1,1,0,0,1,0,0,0,0,0,0,0,0,0,0,0,0,0,0,0,0,0,0,0,0,0,0,0,0,0,0,0,0,0,0,1,2,,,,,,,,,,,,,,,,,,,,,,,,0,0,0,0,0,0,0,0,0,0,0,0,ohtas001,tatif002,donob001,alonp001,suare001,goodh001,carrc005,lindf001,crowp001,10,9,4,3,5,2,7,6,8,ralec001,aranj001,chisj001,camij001,wittb002,greer003,buxtb001,arozr001,0,0,0,0,0,0,0,1,0,0,0,0,0,0,0,0,0,0,0,7.0,7,0,0,0,0,0,0,7,78S+,F,0,0,36,iassd901,hudsm901,segac901,viscj901,rehaj901,bacce901,20250715,allstar,full
NLS202507150,8/F8XD,5,1,1,ATL03,NLS,ALS,0,2,schwk001,rasmd002,1,10.0,L,R,0,2,2,.CFX,3.0,1,1,0,0,0,0,0,0,0,0,0,0,0,0,1,0,1,1,0,0,1,0,0,0,0,0,0,0,0,0,0,0,0,0,0,0,0,0,0,0,0,0,0,0,0,0,0,0,0,0,0,2,3,,,,,,,,,,,,,,,,,,,,,,,,0,0,0,0,0,0,0,0,0,0,0,0,schwk001,tatif002,donob001,alonp001,suare001,goodh001,carrc005,lindf001,crowp001,11,9,4,3,5,2,7,6,8,ralec001,aranj001,chisj001,camij001,wittb002,greer003,buxtb001,arozr001,0,0,0,0,0,0,0,0,1,0,0,0,0,0,0,0,0,0,0,8.0,8,0,0,0,0,0,0,8,8XD+,F,0,0,37,iassd901,hudsm901,segac901,viscj901,rehaj901,bacce901,20250715,allstar,full
NLS202507150,8/L8D,6,0,0,ATL03,ALS,NLS,0,2,chisj001,abboa001,1,4.0,L,L,3,2,32,.....FBBBSX,6.0,1,1,0,0,0,0,0,0,0,0,0,0,0,0,1,0,1,1,0,0,0,1,0,0,0,0,0,0,0,0,0,0,0,0,0,0,0,0,0,0,0,0,0,0,0,0,0,0,0,0,0,0,1,,,,,,,,,,,,,,,,,,,,,,,,0,0,0,0,0,0,0,0,0,0,0,0,chisj001,greer003,arozr001,ralec001,aranj001,ohear001,camij001,buxtb001,wittb002,4,7,9,2,3,10,5,8,6,goodh001,alonp001,donob001,suare001,delae003,stowk001,carrc005,tatif002,0,0,0,0,0,0,0,0,1,0,0,0,0,0,0,0,0,0,0,8.0,8,0,0,0,0,0,0,8,8D+,L,0,0,38,iassd901,hudsm901,segac901,viscj901,rehaj901,bacce901,20250715,allstar,full
NLS202507150,8/F8D,6,0,0,ATL03,ALS,NLS,0,2,greer003,abboa001,2,7.0,L,L,1,1,11,FBX,3.0,1,1,0,0,0,0,0,0,0,0,0,0,0,0,1,0,1,1,0,0,1,0,0,0,0,0,0,0,0,0,0,0,0,0,0,0,0,0,0,0,0,0,0,0,0,0,0,0,0,0,0,1,2,,,,,,,,,,,,,,,,,,,,,,,,0,0,0,0,0,0,0,0,0,0,0,0,chisj001,greer003,arozr001,ralec001,aranj001,ohear001,camij001,buxtb001,wittb002,4,7,9,2,3,10,5,8,6,goodh001,alonp001,donob001,suare001,delae003,stowk001,carrc005,tatif002,0,0,0,0,0,0,0,0,1,0,0,0,0,0,0,0,0,0,0,8.0,8,0,0,0,0,0,0,8,8D+,F,0,0,39,iassd901,hudsm901,segac901,viscj901,rehaj901,bacce901,20250715,allstar,full
NLS202507150,13/G23-,6,0,0,ATL03,ALS,NLS,0,2,arozr001,abboa001,3,9.0,R,L,1,2,12,CBCX,4.0,1,1,0,0,0,0,0,0,0,0,0,0,0,0,1,0,1,1,0,1,0,0,0,0,0,0,0,0,0,0,0,0,0,0,0,0,0,0,0,0,0,0,0,0,0,0,0,0,0,0,0,2,3,,,,,,,,,,,,,,,,,,,,,,,,0,0,0,0,0,0,0,0,0,0,0,0,chisj001,greer003,arozr001,ralec001,aranj001,ohear001,camij001,buxtb001,wittb002,4,7,9,2,3,10,5,8,6,goodh001,alonp001,donob001,suare001,delae003,stowk001,carrc005,tatif002,0,0,0,1,0,0,0,0,0,0,1,0,0,0,0,0,0,0,0,13.0,1,0,0,0,0,0,0,1,23-,G,0,0,40,iassd901,hudsm901,segac901,viscj901,rehaj901,bacce901,20250715,allstar,full
NLS202507150,W,6,1,1,ATL03,NLS,ALS,0,2,tatif002,bubik001,2,9.0,R,L,3,2,32,....BCBBSB,6.0,1,0,0,0,0,0,0,0,0,1,0,0,0,0,0,0,0,0,0,0,0,0,0,0,0,0,0,0,0,0,0,0,0,0,0,0,0,0,0,0,0,0,0,0,0,0,0,0,0,0,0,0,0,,,,tatif002,,,,,,,,,bubik001,,,,,,,,,,,0,0,0,0,0,0,0,0,0,0,0,0,schwk001,tatif002,donob001,alonp001,suare001,goodh001,carrc005,delae003,stowk001,11,9,4,3,5,2,8,6,7,kirka001,aranj001,chisj001,garcm003,wittb002,kwans001,buxtb001,arozr001,0,0,0,0,0,0,0,0,0,0,0,0,0,0,0,0,0,0,0,,0,0,0,0,0,0,0,0,,,0,0,41,iassd901,hudsm901,segac901,viscj901,rehaj901,bacce901,20250715,allstar,full
NLS202507150,SB2,6,1,1,ATL03,NLS,ALS,0,2,donob001,bubik001,3,4.0,L,L,1,0,10,B>B,2.0,0,0,0,0,0,0,0,0,0,0,0,0,0,0,0,0,0,0,0,0,0,0,0,0,0,0,0,0,0,0,0,0,1,0,0,0,0,0,0,0,0,0,0,0,0,0,0,0,0,0,0,0,0,tatif002,,,,tatif002,,,,,bubik001,,,,bubik001,,,,,,,,,,0,0,0,0,0,0,0,0,0,0,0,0,schwk001,tatif002,donob001,alonp001,suare001,goodh001,carrc005,delae003,stowk001,11,9,4,3,5,2,8,6,7,kirka001,aranj001,chisj001,garcm003,wittb002,kwans001,buxtb001,arozr001,0,0,0,0,0,0,0,0,0,0,0,0,0,0,0,0,0,0,0,,0,0,0,0,0,0,0,0,,,0,0,42,iassd901,hudsm901,segac901,viscj901,rehaj901,bacce901,20250715,allstar,full
NLS202507150,S6/G6.2-3,6,1,1,ATL03,NLS,ALS,0,2,donob001,bubik001,3,4.0,L,L,2,1,21,B>B.FX,2.0,1,1,1,0,0,0,0,0,0,0,0,0,0,0,0,0,0,1,0,1,0,0,0,0,0,0,0,0,0,0,0,0,0,0,0,0,0,0,0,0,0,0,0,0,0,0,0,0,0,0,0,0,0,,tatif002,,donob001,,tatif002,,,,,bubik001,,bubik001,,bubik001,,,,,,,,,0,0,0,0,0,0,0,0,0,0,0,0,schwk001,tatif002,donob001,alonp001,suare001,goodh001,carrc005,delae003,stowk001,11,9,4,3,5,2,8,6,7,kirka001,aranj001,chisj001,garcm003,wittb002,kwans001,buxtb001,arozr001,0,0,0,0,0,0,0,0,0,0,0,0,0,0,0,0,0,0,0,,0,0,0,0,0,0,0,6,6+,G,0,0,43,iassd901,hudsm901,segac901,viscj901,rehaj901,bacce901,20250715,allstar,full
NLS202507150,HR/F9LD.3-H;1-H,6,1,1,ATL03,NLS,ALS,0,2,alonp001,bubik001,4,3.0,R,L,1,0,10,BX,2.0,1,1,0,0,0,1,0,0,0,0,0,0,0,0,0,0,0,0,0,0,0,0,0,0,0,0,0,0,0,0,0,0,0,0,0,0,0,0,0,0,0,0,0,0,0,0,0,0,0,0,0,0,0,donob001,,tatif002,,,,,,,bubik001,,bubik001,,,,alonp001,donob001,,tatif002,bubik001,bubik001,,bubik001,0,0,0,0,1,1,0,1,3,3,3,0,schwk001,tatif002,donob001,alonp001,suare001,goodh001,carrc005,delae003,stowk001,11,9,4,3,5,2,8,6,7,kirka001,aranj001,chisj001,garcm003,wittb002,kwans001,buxtb001,arozr001,0,0,0,0,0,0,0,0,0,0,0,0,0,0,0,0,0,0,0,,0,0,0,0,0,0,0,0,,,0,0,44,iassd901,hudsm901,segac901,viscj901,rehaj901,bacce901,20250715,allstar,full
NLS202507150,43/G4,6,1,1,ATL03,NLS,ALS,0,5,suare001,bubik001,5,5.0,R,L,1,1,11,BFX,3.0,1,1,0,0,0,0,0,0,0,0,0,0,0,0,1,0,1,1,0,1,0,0,0,0,0,0,0,0,0,0,0,0,0,0,0,0,0,0,0,0,0,0,0,0,0,0,0,0,0,0,0,0,1,,,,,,,,,,,,,,,,,,,,,,,,0,0,0,0,0,0,0,0,0,0,0,0,schwk001,tatif002,donob001,alonp001,suare001,goodh001,carrc005,delae003,stowk001,11,9,4,3,5,2,8,6,7,kirka001,aranj001,chisj001,garcm003,wittb002,kwans001,buxtb001,arozr001,0,0,0,1,0,0,0,0,0,0,0,0,0,1,0,0,0,0,0,43.0,4,0,0,0,0,0,0,4,4+,G,0,0,45,iassd901,hudsm901,segac901,viscj901,rehaj901,bacce901,20250715,allstar,full
NLS202507150,8/F78D,6,1,1,ATL03,NLS,ALS,0,5,goodh001,mizec001,6,2.0,R,R,0,1,1,.FX,2.0,1,1,0,0,0,0,0,0,0,0,0,0,0,0,1,0,1,1,0,0,1,0,0,0,0,0,0,0,0,0,0,0,0,0,0,0,0,0,0,0,0,0,0,0,0,0,0,0,0,0,0,1,2,,,,,,,,,,,,,,,,,,,,,,,,0,0,0,0,0,0,0,0,0,0,0,0,schwk001,tatif002,donob001,alonp001,suare001,goodh001,carrc005,delae003,stowk001,11,9,4,3,5,2,8,6,7,kirka001,aranj001,chisj001,garcm003,wittb002,kwans001,buxtb001,arozr001,0,0,0,0,0,0,0,0,1,0,0,0,0,0,0,0,0,0,0,8.0,8,0,0,0,0,0,0,8,78D+,F,0,0,46,iassd901,hudsm901,segac901,viscj901,rehaj901,bacce901,20250715,allstar,full
NLS202507150,HR/F89XD,6,1,1,ATL03,NLS,ALS,0,5,carrc005,mizec001,7,8.0,L,R,1,2,12,FBSX,4.0,1,1,0,0,0,1,0,0,0,0,0,0,0,0,0,0,0,0,0,0,0,0,0,0,0,0,0,0,0,0,0,0,0,0,0,0,0,0,0,0,0,0,0,0,0,0,0,0,0,0,0,2,2,,,,,,,,,,,,,,,,carrc005,,,,mizec001,,,,0,0,0,0,1,0,0,0,1,1,1,0,schwk001,tatif002,donob001,alonp001,suare001,goodh001,carrc005,delae003,stowk001,11,9,4,3,5,2,8,6,7,kirka001,aranj001,chisj001,garcm003,wittb002,kwans001,buxtb001,arozr001,0,0,0,0,0,0,0,0,0,0,0,0,0,0,0,0,0,0,0,,0,0,0,0,0,0,0,0,,,0,0,47,iassd901,hudsm901,segac901,viscj901,rehaj901,bacce901,20250715,allstar,full
NLS202507150,K,6,1,1,ATL03,NLS,ALS,0,6,delae003,mizec001,8,6.0,B,R,1,2,12,SBSS,4.0,1,1,0,0,0,0,0,0,0,0,1,0,0,0,0,0,0,0,0,0,0,0,0,0,0,0,0,0,0,0,0,0,0,0,0,0,0,0,0,0,0,0,0,0,0,0,0,0,0,0,0,2,3,,,,,,,,,,,,,,,,,,,,,,,,0,0,0,0,0,0,0,0,0,0,0,0,schwk001,tatif002,donob001,alonp001,suare001,goodh001,carrc005,delae003,stowk001,11,9,4,3,5,2,8,6,7,kirka001,aranj001,chisj001,garcm003,wittb002,kwans001,buxtb001,arozr001,0,0,1,0,0,0,0,0,0,0,0,0,0,0,0,0,0,0,0,2.0,0,0,0,0,0,0,0,0,,,0,0,48,iassd901,hudsm901,segac901,viscj901,rehaj901,bacce901,20250715,allstar,full
NLS202507150,S8/L89D+,7,0,0,ATL03,ALS,NLS,0,6,kirka001,morea001,4,2.0,R,L,0,0,0,..X,1.0,1,1,1,0,0,0,0,0,0,0,0,0,0,0,0,0,0,1,0,0,0,1,0,0,0,0,0,0,0,0,0,0,0,0,0,0,0,0,0,0,0,0,0,0,0,0,0,0,0,0,0,0,0,,,,kirka001,,,,,,,,,morea001,,,,,,,,,,,0,0,0,0,0,0,0,0,0,0,0,0,chisj001,kwans001,arozr001,kirka001,aranj001,ohear001,garcm003,buxtb001,wittb002,4,7,9,2,3,10,5,8,6,goodh001,olsom001,donob001,suare001,delae003,stowk001,carrc005,tatif002,0,0,0,0,0,0,0,0,0,0,0,0,0,0,0,0,0,0,0,,0,0,0,0,0,0,0,8,89D+,L,0,0,49,iassd901,hudsm901,segac901,viscj901,rehaj901,bacce901,20250715,allstar,full
NLS202507150,W.1-2,7,0,0,ATL03,ALS,NLS,0,6,aranj001,morea001,5,3.0,L,L,3,2,32,BBSBCB,6.0,1,0,0,0,0,0,0,0,0,1,0,0,0,0,0,0,0,0,0,0,0,0,0,0,0,0,0,0,0,0,0,0,0,0,0,0,0,0,0,0,0,0,0,0,0,0,0,0,0,0,0,0,0,kirka001,,,aranj001,kirka001,,,,,morea001,,,morea001,morea001,,,,,,,,,,0,0,0,0,0,0,0,0,0,0,0,0,chisj001,kwans001,arozr001,kirka001,aranj001,ohear001,garcm003,buxtb001,wittb002,4,7,9,2,3,10,5,8,6,goodh001,olsom001,donob001,suare001,delae003,stowk001,carrc005,tatif002,0,0,0,0,0,0,0,0,0,0,0,0,0,0,0,0,0,0,0,,0,0,0,0,0,0,0,0,,,0,0,50,iassd901,hudsm901,segac901,viscj901,rehaj901,bacce901,20250715,allstar,full
NLS202507150,HR/F78XD.2-H;1-H,7,0,0,ATL03,ALS,NLS,0,6,rookb001,rodrr010,6,10.0,R,R,2,0,20,..BBX,3.0,1,1,0,0,0,1,0,0,0,0,0,0,0,0,0,0,0,0,0,0,0,0,0,0,0,0,0,0,0,0,0,0,0,0,0,0,0,0,0,0,0,0,0,0,0,0,0,0,0,0,0,0,0,aranj001,kirka001,,,,,,,,morea001,morea001,,,,,rookb001,aranj001,kirka001,,rodrr010,morea001,morea001,,0,0,0,0,1,1,1,0,3,3,3,0,chisj001,kwans001,arozr001,kirka001,aranj001,rookb001,garcm003,buxtb001,wittb002,4,7,9,2,3,11,5,8,6,goodh001,olsom001,donob001,suare001,delae003,stowk001,carrc005,tatif002,0,0,0,0,0,0,0,0,0,0,0,0,0,0,0,0,0,0,0,,0,0,0,0,0,0,0,0,,,0,0,51,iassd901,hudsm901,segac901,viscj901,rehaj901,bacce901,20250715,allstar,full
NLS202507150,W,7,0,0,ATL03,ALS,NLS,3,6,garcm003,rodrr010,7,5.0,R,R,3,2,32,FBBBCB,6.0,1,0,0,0,0,0,0,0,0,1,0,0,0,0,0,0,0,0,0,0,0,0,0,0,0,0,0,0,0,0,0,0,0,0,0,0,0,0,0,0,0,0,0,0,0,0,0,0,0,0,0,0,0,,,,garcm003,,,,,,,,,rodrr010,,,,,,,,,,,0,0,0,0,0,0,0,0,0,0,0,0,chisj001,kwans001,arozr001,kirka001,aranj001,rookb001,garcm003,buxtb001,wittb002,4,7,9,2,3,11,5,8,6,goodh001,olsom001,donob001,suare001,delae003,stowk001,carrc005,tatif002,0,0,0,0,0,0,0,0,0,0,0,0,0,0,0,0,0,0,0,,0,0,0,0,0,0,0,0,,,0,0,52,iassd901,hudsm901,segac901,viscj901,rehaj901,bacce901,20250715,allstar,full
NLS202507150,7/L7LD,7,0,0,ATL03,ALS,NLS,3,6,buxtb001,rodrr010,8,8.0,R,R,1,0,10,BX,2.0,1,1,0,0,0,0,0,0,0,0,0,0,0,0,1,0,1,1,0,0,0,1,0,0,0,0,0,0,0,0,0,0,0,0,0,0,0,0,0,0,0,0,0,0,0,0,0,0,0,0,0,0,1,garcm003,,,garcm003,,,,,,rodrr010,,,rodrr010,,,,,,,,,,,0,0,0,0,0,0,0,0,0,0,0,0,chisj001,kwans001,arozr001,kirka001,aranj001,rookb001,garcm003,buxtb001,wittb002,4,7,9,2,3,11,5,8,6,goodh001,olsom001,donob001,suare001,delae003,stowk001,carrc005,tatif002,0,0,0,0,0,0,0,1,0,0,0,0,0,0,0,0,0,0,0,7.0,7,0,0,0,0,0,0,7,7LD+,L,0,0,53,iassd901,hudsm901,segac901,viscj901,rehaj901,bacce901,20250715,allstar,full
NLS202507150,SB2.1-3(E2/TH),7,0,0,ATL03,ALS,NLS,3,6,wittb002,rodrr010,9,6.0,R,R,0,0,0,>B,1.0,0,0,0,0,0,0,0,0,0,0,0,0,0,0,0,0,0,0,0,0,0,0,0,0,0,0,0,0,0,0,0,0,1,0,0,0,0,0,0,0,0,0,0,1,0,0,0,0,0,0,0,1,1,garcm003,,,,,garcm003,,,,rodrr010,,,,rodrr010,rodrr010,,,,,,,,,0,0,0,0,0,0,0,0,0,0,0,0,chisj001,kwans001,arozr001,kirka001,aranj001,rookb001,garcm003,buxtb001,wittb002,4,7,9,2,3,11,5,8,6,goodh001,olsom001,donob001,suare001,delae003,stowk001,carrc005,tatif002,0,0,0,0,0,0,0,0,0,0,0,0,0,0,0,0,0,0,0,,0,0,0,0,0,0,0,0,,,0,0,54,iassd901,hudsm901,segac901,viscj901,rehaj901,bacce901,20250715,allstar,full
NLS202507150,43/G4M.3-H(UR),7,0,0,ATL03,ALS,NLS,3,6,wittb002,rodrr010,9,6.0,R,R,2,2,22,>B.BCSX,4.0,1,1,0,0,0,0,0,0,0,0,0,0,0,0,1,0,1,1,0,1,0,0,0,0,0,0,0,0,0,0,0,0,0,0,0,0,0,0,0,0,0,0,0,0,0,0,0,0,0,0,0,1,2,,,garcm003,,,,,,,,rodrr010,rodrr010,,rodrr010,,,,,garcm003,,,,rodrr010,0,0,0,1,0,0,0,1,1,1,0,0,chisj001,kwans001,arozr001,kirka001,aranj001,rookb001,garcm003,buxtb001,wittb002,4,7,9,2,3,11,5,8,6,goodh001,olsom001,donob001,suare001,delae003,stowk001,carrc005,tatif002,0,0,0,1,0,0,0,0,0,0,0,0,0,1,0,0,0,0,0,43.0,4,0,0,0,0,0,0,4,4M+,G,0,0,55,iassd901,hudsm901,segac901,viscj901,rehaj901,bacce901,20250715,allstar,full
NLS202507150,E3/G3.B-1,7,0,0,ATL03,ALS,NLS,4,6,chisj001,rodrr010,1,4.0,L,R,0,0,0,X,1.0,1,1,0,0,0,0,0,0,0,0,0,0,1,0,0,0,0,1,0,1,0,0,0,0,0,0,0,0,0,0,0,0,0,0,0,0,0,0,0,0,0,0,0,0,1,0,0,0,0,0,0,2,2,,,,chisj001,,,,,,,rodrr010,,rodrr010,rodrr010,,,,,,,,,,0,0,0,0,0,0,0,0,0,0,0,0,chisj001,kwans001,arozr001,kirka001,aranj001,rookb001,garcm003,buxtb001,wittb002,4,7,9,2,3,11,5,8,6,goodh001,olsom001,donob001,suare001,delae003,stowk001,carrc005,tatif002,0,0,0,0,0,0,0,0,0,0,0,0,0,0,0,0,0,0,0,,0,0,0,0,0,0,0,3,3+,G,0,0,56,iassd901,hudsm901,segac901,viscj901,rehaj901,bacce901,20250715,allstar,full
NLS202507150,53/G56,7,0,0,ATL03,ALS,NLS,4,6,kwans001,megit001,2,7.0,L,R,1,2,12,.FBS>X,4.0,1,1,0,0,0,0,0,0,0,0,0,0,0,0,1,0,1,1,0,1,0,0,0,0,0,0,0,0,0,0,0,0,0,0,0,0,0,0,0,0,0,0,0,0,0,0,0,0,0,0,0,2,3,chisj001,,,,,,chisj001,,,rodrr010,rodrr010,,,,,,,,,,,,,0,0,0,0,0,0,0,0,0,0,0,0,chisj001,kwans001,arozr001,kirka001,aranj001,rookb001,garcm003,buxtb001,wittb002,4,7,9,2,3,11,5,8,6,goodh001,olsom001,donob001,suare001,delae003,stowk001,carrc005,tatif002,0,0,0,1,0,0,0,0,0,0,0,0,0,0,1,0,0,0,0,53.0,5,0,0,0,0,0,0,5,56+,G,0,0,57,iassd901,hudsm901,segac901,viscj901,rehaj901,bacce901,20250715,allstar,full
NLS202507150,K,7,1,1,ATL03,NLS,ALS,4,6,stowk001,estec001,9,7.0,L,R,1,2,12,..FBSS,4.0,1,1,0,0,0,0,0,0,0,0,1,0,0,0,0,0,0,0,0,0,0,0,0,0,0,0,0,0,0,0,0,0,0,0,0,0,0,0,0,0,0,0,0,0,0,0,0,0,0,0,0,0,1,,,,,,,,,,,,,,,,,,,,,,,,0,0,0,0,0,0,0,0,0,0,0,0,schwk001,tatif002,donob001,olsom001,suare001,goodh001,carrc005,delae003,stowk001,11,9,4,3,5,2,8,6,7,kirka001,aranj001,chisj001,garcm003,wittb002,kwans001,buxtb001,arozr001,0,0,1,0,0,0,0,0,0,0,0,0,0,0,0,0,0,0,0,2.0,0,0,0,0,0,0,0,0,,,0,0,58,iassd901,hudsm901,segac901,viscj901,rehaj901,bacce901,20250715,allstar,full
NLS202507150,W,7,1,1,ATL03,NLS,ALS,4,6,schwk001,estec001,1,10.0,L,R,3,2,32,BBBCFB,6.0,1,0,0,0,0,0,0,0,0,1,0,0,0,0,0,0,0,0,0,0,0,0,0,0,0,0,0,0,0,0,0,0,0,0,0,0,0,0,0,0,0,0,0,0,0,0,0,0,0,0,0,1,1,,,,schwk001,,,,,,,,,estec001,,,,,,,,,,,0,0,0,0,0,0,0,0,0,0,0,0,schwk001,tatif002,donob001,olsom001,suare001,goodh001,carrc005,delae003,stowk001,11,9,4,3,5,2,8,6,7,kirka001,aranj001,chisj001,garcm003,wittb002,kwans001,buxtb001,arozr001,0,0,0,0,0,0,0,0,0,0,0,0,0,0,0,0,0,0,0,,0,0,0,0,0,0,0,0,,,0,0,59,iassd901,hudsm901,segac901,viscj901,rehaj901,bacce901,20250715,allstar,full
NLS202507150,K,7,1,1,ATL03,NLS,ALS,4,6,tatif002,estec001,2,9.0,R,R,0,2,2,FCT,3.0,1,1,0,0,0,0,0,0,0,0,1,0,0,0,0,0,0,0,0,0,0,0,0,0,0,0,0,0,0,0,0,0,0,0,0,0,0,0,0,0,0,0,0,0,0,0,0,0,0,0,0,1,2,schwk001,,,schwk001,,,,,,estec001,,,estec001,,,,,,,,,,,0,0,0,0,0,0,0,0,0,0,0,0,schwk001,tatif002,donob001,olsom001,suare001,goodh001,carrc005,delae003,stowk001,11,9,4,3,5,2,8,6,7,kirka001,aranj001,chisj001,garcm003,wittb002,kwans001,buxtb001,arozr001,0,0,1,0,0,0,0,0,0,0,0,0,0,0,0,0,0,0,0,2.0,0,0,0,0,0,0,0,0,,,0,0,60,iassd901,hudsm901,segac901,viscj901,rehaj901,bacce901,20250715,allstar,full
NLS202507150,S8/L8-.1-2,7,1,1,ATL03,NLS,ALS,4,6,donob001,estec001,3,4.0,L,R,2,2,22,FF*BBX,5.0,1,1,1,0,0,0,0,0,0,0,0,0,0,0,0,0,0,1,0,0,0,1,0,0,0,0,0,0,0,0,0,0,0,0,0,0,0,0,0,0,0,0,0,0,0,0,0,0,0,0,0,2,2,schwk001,,,donob001,schwk001,,,,,estec001,,,estec001,estec001,,,,,,,,,,0,0,0,0,0,0,0,0,0,0,0,0,schwk001,tatif002,donob001,olsom001,suare001,goodh001,carrc005,delae003,stowk001,11,9,4,3,5,2,8,6,7,kirka001,aranj001,chisj001,garcm003,wittb002,kwans001,buxtb001,arozr001,0,0,0,0,0,0,0,0,0,0,0,0,0,0,0,0,0,0,0,,0,0,0,0,0,0,0,8,8-,L,0,0,61,iassd901,hudsm901,segac901,viscj901,rehaj901,bacce901,20250715,allstar,full
NLS202507150,K,7,1,1,ATL03,NLS,ALS,4,6,olsom001,estec001,4,3.0,L,R,0,2,2,FFC,3.0,1,1,0,0,0,0,0,0,0,0,1,0,0,0,0,0,0,0,0,0,0,0,0,0,0,0,0,0,0,0,0,0,0,0,0,0,0,0,0,0,0,0,0,0,0,0,0,0,0,0,0,2,3,donob001,schwk001,,,,,schwk001,donob001,,estec001,estec001,,,,,,,,,,,,,0,0,0,0,0,0,0,0,0,0,0,0,schwk001,tatif002,donob001,olsom001,suare001,goodh001,carrc005,delae003,stowk001,11,9,4,3,5,2,8,6,7,kirka001,aranj001,chisj001,garcm003,wittb002,kwans001,buxtb001,arozr001,0,0,1,0,0,0,0,0,0,0,0,0,0,0,0,0,0,0,0,2.0,0,0,0,0,0,0,0,0,,,0,0,62,iassd901,hudsm901,segac901,viscj901,rehaj901,bacce901,20250715,allstar,full
NLS202507150,8/F78XD,8,0,0,ATL03,ALS,NLS,4,6,arozr001,misij001,3,9.0,R,R,3,2,32,.CBBBFX,6.0,1,1,0,0,0,0,0,0,0,0,0,0,0,0,1,0,1,1,0,0,1,0,0,0,0,0,0,0,0,0,0,0,0,0,0,0,0,0,0,0,0,0,0,0,0,0,0,0,0,0,0,0,1,,,,,,,,,,,,,,,,,,,,,,,,0,0,0,0,0,0,0,0,0,0,0,0,chisj001,kwans001,arozr001,kirka001,aranj001,rookb001,garcm003,buxtb001,wittb002,4,7,9,2,3,11,5,8,6,goodh001,olsom001,donob001,suare001,delae003,stowk001,carrc005,tatif002,0,0,0,0,0,0,0,0,1,0,0,0,0,0,0,0,0,0,0,8.0,8,0,0,0,0,0,0,8,78XD+,F,0,0,63,iassd901,hudsm901,segac901,viscj901,rehaj901,bacce901,20250715,allstar,full
NLS202507150,9/F9,8,0,0,ATL03,ALS,NLS,4,6,kirka001,misij001,4,2.0,R,R,0,2,2,FFFX,4.0,1,1,0,0,0,0,0,0,0,0,0,0,0,0,1,0,1,1,0,0,1,0,0,0,0,0,0,0,0,0,0,0,0,0,0,0,0,0,0,0,0,0,0,0,0,0,0,0,0,0,0,1,2,,,,,,,,,,,,,,,,,,,,,,,,0,0,0,0,0,0,0,0,0,0,0,0,chisj001,kwans001,arozr001,kirka001,aranj001,rookb001,garcm003,buxtb001,wittb002,4,7,9,2,3,11,5,8,6,goodh001,olsom001,donob001,suare001,delae003,stowk001,carrc005,tatif002,0,0,0,0,0,0,0,0,0,1,0,0,0,0,0,0,0,0,0,9.0,9,0,0,0,0,0,0,9,9+,F,0,0,64,iassd901,hudsm901,segac901,viscj901,rehaj901,bacce901,20250715,allstar,full
NLS202507150,S9/G34,8,0,0,ATL03,ALS,NLS,4,6,aranj001,misij001,5,3.0,L,R,1,2,12,CBFX,4.0,1,1,1,0,0,0,0,0,0,0,0,0,0,0,0,0,0,1,0,1,0,0,0,0,0,0,0,0,0,0,0,0,0,0,0,0,0,0,0,0,0,0,0,0,0,0,0,0,0,0,0,2,2,,,,aranj001,,,,,,,,,misij001,,,,,,,,,,,0,0,0,0,0,0,0,0,0,0,0,0,chisj001,kwans001,arozr001,kirka001,aranj001,rookb001,garcm003,buxtb001,wittb002,4,7,9,2,3,11,5,8,6,goodh001,olsom001,donob001,suare001,delae003,stowk001,carrc005,tatif002,0,0,0,0,0,0,0,0,0,0,0,0,0,0,0,0,0,0,0,,0,0,0,0,0,0,0,9,34+,G,0,0,65,iassd901,hudsm901,segac901,viscj901,rehaj901,bacce901,20250715,allstar,full
NLS202507150,9/L89D,8,0,0,ATL03,ALS,NLS,4,6,mckiz001,misij001,6,10.0,L,R,1,2,12,.SFBX,4.0,1,1,0,0,0,0,0,0,0,0,0,0,0,0,1,0,1,1,0,0,0,1,0,0,0,0,0,0,0,0,0,0,0,0,0,0,0,0,0,0,0,0,0,0,0,0,0,0,0,0,0,2,3,aranj001,,,,,,aranj001,,,misij001,,,,,,,,,,,,,,0,0,0,0,0,0,0,0,0,0,0,0,chisj001,kwans001,arozr001,kirka001,aranj001,mckiz001,garcm003,buxtb001,wittb002,4,7,9,2,3,11,5,8,6,goodh001,olsom001,donob001,suare001,delae003,stowk001,carrc005,tatif002,0,0,0,0,0,0,0,0,0,1,0,0,0,0,0,0,0,0,0,9.0,9,0,0,0,0,0,0,9,89D+,L,0,0,66,iassd901,hudsm901,segac901,viscj901,rehaj901,bacce901,20250715,allstar,full
NLS202507150,HP,8,1,1,ATL03,NLS,ALS,4,6,suare001,smits003,5,5.0,R,R,2,1,21,..BCBH,4.0,1,0,0,0,0,0,0,0,1,0,0,0,0,0,0,0,0,0,0,0,0,0,0,0,0,0,0,0,0,0,0,0,0,0,0,0,0,0,0,0,0,0,0,0,0,0,0,0,0,0,0,0,0,,,,suare001,,,,,,,,,smits003,,,,,,,,,,,0,0,0,0,0,0,0,0,0,0,0,0,schwk001,tatif002,donob001,olsom001,suare001,goodh001,carrc005,delae003,stowk001,11,9,4,3,5,2,8,6,7,kirka001,aranj001,chisj001,garcm003,wittb002,kwans001,buxtb001,arozr001,0,0,0,0,0,0,0,0,0,0,0,0,0,0,0,0,0,0,0,,0,0,0,0,0,0,0,0,,,0,0,67,iassd901,hudsm901,segac901,viscj901,rehaj901,bacce901,20250715,allstar,full
NLS202507150,56(1)/FO/G6.B-1,8,1,1,ATL03,NLS,ALS,4,6,woodj004,smits003,6,11.0,L,R,3,2,32,.FBCBBX,6.0,1,1,0,0,0,0,0,0,0,0,0,0,0,0,1,0,1,1,0,1,0,0,0,0,0,0,0,0,0,0,0,0,0,0,0,0,0,0,0,0,0,0,0,0,0,0,0,0,0,0,0,0,1,suare001,,,woodj004,,,,,,smits003,,,smits003,,,,,,,,,,,0,0,0,0,0,0,0,0,0,0,0,0,schwk001,tatif002,donob001,olsom001,suare001,woodj004,carrc005,delae003,stowk001,11,9,4,3,5,11,8,6,7,kirka001,aranj001,chisj001,garcm003,wittb002,kwans001,buxtb001,arozr001,0,0,0,0,0,0,1,0,0,0,0,0,0,0,1,0,0,0,0,56.0,5,0,0,0,0,0,0,5,6+,G,1,6,68,iassd901,hudsm901,segac901,viscj901,rehaj901,bacce901,20250715,allstar,full
NLS202507150,W.1-2,8,1,1,ATL03,NLS,ALS,4,6,carrc005,munoa002,7,8.0,L,R,3,2,32,.BCCBFBB,7.0,1,0,0,0,0,0,0,0,0,1,0,0,0,0,0,0,0,0,0,0,0,0,0,0,0,0,0,0,0,0,0,0,0,0,0,0,0,0,0,0,0,0,0,0,0,0,0,0,0,0,0,1,1,woodj004,,,carrc005,woodj004,,,,,smits003,,,munoa002,smits003,,,,,,,,,,0,0,0,0,0,0,0,0,0,0,0,0,schwk001,tatif002,donob001,olsom001,suare001,woodj004,carrc005,delae003,stowk001,11,9,4,3,5,11,8,6,7,kirka001,aranj001,chisj001,garcm003,wittb002,kwans001,buxtb001,arozr001,0,0,0,0,0,0,0,0,0,0,0,0,0,0,0,0,0,0,0,,0,0,0,0,0,0,0,0,,,0,0,69,iassd901,hudsm901,segac901,viscj901,rehaj901,bacce901,20250715,allstar,full
NLS202507150,7/F7L,8,1,1,ATL03,NLS,ALS,4,6,delae003,munoa002,8,6.0,B,R,3,0,30,BBBX,4.0,1,1,0,0,0,0,0,0,0,0,0,0,0,0,1,0,1,1,0,0,1,0,0,0,0,0,0,0,0,0,0,0,0,0,0,0,0,0,0,0,0,0,0,0,0,0,0,0,0,0,0,1,2,carrc005,woodj004,,carrc005,woodj004,,,,,munoa002,smits003,,munoa002,smits003,,,,,,,,,,0,0,0,0,0,0,0,0,0,0,0,0,schwk001,tatif002,donob001,olsom001,suare001,woodj004,carrc005,delae003,stowk001,11,9,4,3,5,11,8,6,7,kirka001,aranj001,chisj001,garcm003,wittb002,kwans001,buxtb001,arozr001,0,0,0,0,0,0,0,1,0,0,0,0,0,0,0,0,0,0,0,7.0,7,0,0,0,0,0,0,7,7L+,F,0,0,70,iassd901,hudsm901,segac901,viscj901,rehaj901,bacce901,20250715,allstar,full
NLS202507150,K,8,1,1,ATL03,NLS,ALS,4,6,stowk001,munoa002,9,7.0,L,R,3,2,32,SBFBB>F>C,7.0,1,1,0,0,0,0,0,0,0,0,1,0,0,0,0,0,0,0,0,0,0,0,0,0,0,0,0,0,0,0,0,0,0,0,0,0,0,0,0,0,0,0,0,0,0,0,0,0,0,0,0,2,3,carrc005,woodj004,,,,,woodj004,carrc005,,munoa002,smits003,,,,,,,,,,,,,0,0,0,0,0,0,0,0,0,0,0,0,schwk001,tatif002,donob001,olsom001,suare001,woodj004,carrc005,delae003,stowk001,11,9,4,3,5,11,8,6,7,kirka001,aranj001,chisj001,garcm003,wittb002,kwans001,buxtb001,arozr001,0,0,1,0,0,0,0,0,0,0,0,0,0,0,0,0,0,0,0,2.0,0,0,0,0,0,0,0,0,,,0,0,71,iassd901,hudsm901,segac901,viscj901,rehaj901,bacce901,20250715,allstar,full
NLS202507150,53/G15-,9,0,0,ATL03,ALS,NLS,4,6,garcm003,suarr002,7,5.0,R,R,1,2,12,..BFCFX,5.0,1,1,0,0,0,0,0,0,0,0,0,0,0,0,1,0,1,1,0,1,0,0,0,0,0,0,0,0,0,0,0,0,0,0,0,0,0,0,0,0,0,0,0,0,0,0,0,0,0,0,0,0,1,,,,,,,,,,,,,,,,,,,,,,,,0,0,0,0,0,0,0,0,0,0,0,0,chisj001,kwans001,arozr001,kirka001,aranj001,mckiz001,garcm003,buxtb001,wittb002,4,7,9,2,3,11,5,8,6,goodh001,olsom001,donob001,suare001,delae003,stowk001,carrc005,tatif002,0,0,0,1,0,0,0,0,0,0,0,0,0,0,1,0,0,0,0,53.0,5,0,0,0,0,0,0,5,15-,G,0,0,72,iassd901,hudsm901,segac901,viscj901,rehaj901,bacce901,20250715,allstar,full
NLS202507150,D9/G3,9,0,0,ATL03,ALS,NLS,4,6,buxtb001,suarr002,8,8.0,R,R,1,0,10,BX,2.0,1,1,0,1,0,0,0,0,0,0,0,0,0,0,0,0,0,1,0,1,0,0,0,0,0,0,0,0,0,0,0,0,0,0,0,0,0,0,0,0,0,0,0,0,0,0,0,0,0,0,0,1,1,,,,,buxtb001,,,,,,,,,suarr002,,,,,,,,,,0,0,0,0,0,0,0,0,0,0,0,0,chisj001,kwans001,arozr001,kirka001,aranj001,mckiz001,garcm003,buxtb001,wittb002,4,7,9,2,3,11,5,8,6,goodh001,olsom001,donob001,suare001,delae003,stowk001,carrc005,tatif002,0,0,0,0,0,0,0,0,0,0,0,0,0,0,0,0,0,0,0,,0,0,0,0,0,0,0,9,3+,G,0,0,73,iassd901,hudsm901,segac901,viscj901,rehaj901,bacce901,20250715,allstar,full
NLS202507150,D9/L9L.2-H,9,0,0,ATL03,ALS,NLS,4,6,wittb002,suarr002,9,6.0,R,R,0,2,2,TFX,3.0,1,1,0,1,0,0,0,0,0,0,0,0,0,0,0,0,0,1,0,0,0,1,0,0,0,0,0,0,0,0,0,0,0,0,0,0,0,0,0,0,0,0,0,0,0,0,0,0,0,0,0,1,1,,buxtb001,,,wittb002,,,,,,suarr002,,,suarr002,,,,buxtb001,,,,suarr002,,0,0,0,0,0,0,1,0,1,1,1,0,chisj001,kwans001,arozr001,kirka001,aranj001,mckiz001,garcm003,buxtb001,wittb002,4,7,9,2,3,11,5,8,6,goodh001,olsom001,donob001,suare001,delae003,stowk001,carrc005,tatif002,0,0,0,0,0,0,0,0,0,0,0,0,0,0,0,0,0,0,0,,0,0,0,0,0,0,0,9,9L+,L,0,0,74,iassd901,hudsm901,segac901,viscj901,rehaj901,bacce901,20250715,allstar,full
NLS202507150,31/G3+.2-3,9,0,0,ATL03,ALS,NLS,5,6,chisj001,diaze006,1,4.0,L,R,0,2,2,.FSX,3.0,1,1,0,0,0,0,0,0,0,0,0,0,0,0,1,0,1,1,0,1,0,0,0,0,0,0,0,0,0,0,0,0,0,0,0,0,0,0,0,0,0,0,0,0,0,0,0,0,0,0,0,1,2,,wittb002,,,,wittb002,,,,,suarr002,,,,suarr002,,,,,,,,,0,0,0,0,0,0,0,0,0,0,0,0,chisj001,kwans001,arozr001,kirka001,aranj001,mckiz001,garcm003,buxtb001,wittb002,4,7,9,2,3,11,5,8,6,goodh001,olsom001,donob001,suare001,delae003,stowk001,carrc005,tatif002,0,1,0,0,0,0,0,0,0,0,0,0,1,0,0,0,0,0,0,31.0,3,0,0,0,0,0,0,3,3+,G,0,0,75,iassd901,hudsm901,segac901,viscj901,rehaj901,bacce901,20250715,allstar,full
NLS202507150,S5/G6S-.3-H,9,0,0,ATL03,ALS,NLS,5,6,kwans001,diaze006,2,7.0,L,R,2,2,22,BCSFFBX,7.0,1,1,1,0,0,0,0,0,0,0,0,0,0,0,0,0,0,1,0,1,0,0,0,0,0,0,0,0,0,0,0,0,0,0,0,0,0,0,0,0,0,0,0,0,0,0,0,0,0,0,0,2,2,,,wittb002,kwans001,,,,,,,,suarr002,diaze006,,,,,,wittb002,,,,suarr002,0,0,0,0,0,0,0,1,1,1,1,0,chisj001,kwans001,arozr001,kirka001,aranj001,mckiz001,garcm003,buxtb001,wittb002,4,7,9,2,3,11,5,8,6,goodh001,olsom001,donob001,suare001,delae003,stowk001,carrc005,tatif002,0,0,0,0,0,0,0,0,0,0,0,0,0,0,0,0,0,0,0,,0,0,0,0,0,0,0,5,6S-,G,0,0,76,iassd901,hudsm901,segac901,viscj901,rehaj901,bacce901,20250715,allstar,full
NLS202507150,SB2,9,0,0,ATL03,ALS,NLS,6,6,arozr001,diaze006,3,9.0,R,R,0,0,0,>C,1.0,0,0,0,0,0,0,0,0,0,0,0,0,0,0,0,0,0,0,0,0,0,0,0,0,0,0,0,0,0,0,0,0,1,0,0,0,0,0,0,0,0,0,0,0,0,0,0,0,0,0,0,2,2,kwans001,,,,kwans001,,,,,diaze006,,,,diaze006,,,,,,,,,,0,0,0,0,0,0,0,0,0,0,0,0,chisj001,kwans001,arozr001,kirka001,aranj001,mckiz001,garcm003,buxtb001,wittb002,4,7,9,2,3,11,5,8,6,goodh001,olsom001,donob001,suare001,delae003,stowk001,carrc005,tatif002,0,0,0,0,0,0,0,0,0,0,0,0,0,0,0,0,0,0,0,,0,0,0,0,0,0,0,0,,,0,0,77,iassd901,hudsm901,segac901,viscj901,rehaj901,bacce901,20250715,allstar,full
NLS202507150,K,9,0,0,ATL03,ALS,NLS,6,6,arozr001,diaze006,3,9.0,R,R,0,2,2,>C.CC,2.0,1,1,0,0,0,0,0,0,0,0,1,0,0,0,0,0,0,0,0,0,0,0,0,0,0,0,0,0,0,0,0,0,0,0,0,0,0,0,0,0,0,0,0,0,0,0,0,0,0,0,0,2,3,,kwans001,,,,,kwans001,,,,diaze006,,,,,,,,,,,,,0,0,0,0,0,0,0,0,0,0,0,0,chisj001,kwans001,arozr001,kirka001,aranj001,mckiz001,garcm003,buxtb001,wittb002,4,7,9,2,3,11,5,8,6,goodh001,olsom001,donob001,suare001,delae003,stowk001,carrc005,tatif002,0,0,1,0,0,0,0,0,0,0,0,0,0,0,0,0,0,0,0,2.0,0,0,0,0,0,0,0,0,,,0,0,78,iassd901,hudsm901,segac901,viscj901,rehaj901,bacce901,20250715,allstar,full
NLS202507150,5/L6,9,1,1,ATL03,NLS,ALS,6,6,schwk001,chapa001,1,10.0,L,L,1,2,12,.SBFX,4.0,1,1,0,0,0,0,0,0,0,0,0,0,0,0,1,0,1,1,0,0,0,1,0,0,0,0,0,0,0,0,0,0,0,0,0,0,0,0,0,0,0,0,0,0,0,0,0,0,0,0,0,0,1,,,,,,,,,,,,,,,,,,,,,,,,0,0,0,0,0,0,0,0,0,0,0,0,schwk001,tatif002,donob001,olsom001,suare001,goodh001,carrc005,delae003,stowk001,11,9,4,3,5,2,8,6,7,kirka001,aranj001,chisj001,garcm003,wittb002,kwans001,buxtb001,arozr001,0,0,0,0,0,1,0,0,0,0,0,0,0,0,0,0,0,0,0,5.0,5,0,0,0,0,0,0,5,6+,L,0,0,79,iassd901,hudsm901,segac901,viscj901,rehaj901,bacce901,20250715,allstar,full
NLS202507150,K,9,1,1,ATL03,NLS,ALS,6,6,tatif002,chapa001,2,9.0,R,L,0,2,2,CC*S,3.0,1,1,0,0,0,0,0,0,0,0,1,0,0,0,0,0,0,0,0,0,0,0,0,0,0,0,0,0,0,0,0,0,0,0,0,0,0,0,0,0,0,0,0,0,0,0,0,0,0,0,0,1,2,,,,,,,,,,,,,,,,,,,,,,,,0,0,0,0,0,0,0,0,0,0,0,0,schwk001,tatif002,donob001,olsom001,suare001,goodh001,carrc005,delae003,stowk001,11,9,4,3,5,2,8,6,7,kirka001,aranj001,chisj001,garcm003,wittb002,kwans001,buxtb001,arozr001,0,0,1,0,0,0,0,0,0,0,0,0,0,0,0,0,0,0,0,2.0,0,0,0,0,0,0,0,0,,,0,0,80,iassd901,hudsm901,segac901,viscj901,rehaj901,bacce901,20250715,allstar,full
NLS202507150,2/G2F-/FL,9,1,1,ATL03,NLS,ALS,6,6,donob001,chapa001,3,4.0,L,L,2,2,22,CFFBFBX,7.0,1,1,0,0,0,0,0,0,0,0,0,0,0,0,1,0,1,1,0,1,0,0,0,0,0,0,0,0,0,0,0,0,0,0,0,0,0,0,0,0,0,0,0,0,0,0,0,0,0,0,0,2,3,,,,,,,,,,,,,,,,,,,,,,,,0,0,0,0,0,0,0,0,0,0,0,0,schwk001,tatif002,donob001,olsom001,suare001,goodh001,carrc005,delae003,stowk001,11,9,4,3,5,2,8,6,7,kirka001,aranj001,chisj001,garcm003,wittb002,kwans001,buxtb001,arozr001,0,0,1,0,0,0,0,0,0,0,0,0,0,0,0,0,0,0,0,2.0,2,0,0,0,0,0,0,2,2F-,G,0,0,81,iassd901,hudsm901,segac901,viscj901,rehaj901,bacce901,20250715,allstar,full
